,id,date,percent
0,DS_00,20230702.0,6591
1,DS_00,20230703.0,2420
2,DS_00,20230704.0,1811
3,DS_00,20230705.0,12610
4,DS_00,20230707.0,7883
5,DS_00,20230708.0,3860
6,DS_00,20230709.0,9068
7,DS_00,20230710.0,19291
8,DS_00,20230711.0,18192
9,DS_00,20230712.0,22129
10,DS_00,20230714.0,106104
11,DS_00,20230717.0,17646
12,DS_00,20230721.0,16078
13,DS_00,20230724.0,32761
14,DS_00,20230725.0,29015
15,DS_00,20230726.0,25833
16,DS_00,20230728.0,38499
17,DS_00,20230729.0,26742
18,DS_00,20230730.0,86549
19,DS_00,20230802.0,57715
20,DS_00,20230804.0,40406
21,DS_00,20230805.0,25011
22,DS_00,20230807.0,37337
23,DS_00,20230810.0,55763
24,DS_00,20230815.0,67720
25,DS_00,20230818.0,161917
26,DS_00,20230820.0,109860
27,DS_00,20230821.0,80228
28,DS_00,20230822.0,65459
29,DS_00,20230823.0,107142
30,DS_00,20230824.0,113913
31,DS_00,20230827.0,123108
32,DS_00,20230829.0,150999
33,DS_00,20230903.0,182770
34,DS_00,20230904.0,150307
35,DS_00,20230905.0,236140
36,DS_00,20230907.0,289060
37,DS_00,20230908.0,201819
38,DS_00,20230916.0,230906
39,DS_00,20230919.0,201994
40,DS_00,20230922.0,252588
41,DS_00,20230923.0,259018
42,DS_00,20230924.0,257648
43,DS_00,20230925.0,197978
44,DS_00,20230926.0,283328
45,DS_00,20230927.0,295794
46,DS_00,20230928.0,285147
47,DS_00,20231002.0,245794
48,DS_00,20231003.0,260309
49,DS_00,20231014.0,371459
50,DS_00,20231024.0,345791
51,DS_00,20231028.0,1071580
52,DS_01,20230701.0,962010
53,DS_01,20230702.0,1052288
54,DS_01,20230703.0,1058886
55,DS_01,20230704.0,1066156
56,DS_01,20230705.0,1057499
57,DS_01,20230706.0,1103869
58,DS_01,20230707.0,1104871
59,DS_01,20230710.0,1107202
60,DS_01,20230712.0,1097300
61,DS_01,20230717.0,1147209
62,DS_01,20230723.0,1219638
63,DS_01,20230724.0,1189438
64,DS_01,20230726.0,1156402
65,DS_01,20230727.0,1201427
66,DS_01,20230728.0,1154193
67,DS_01,20230801.0,1293601
68,DS_01,20230802.0,1302840
69,DS_01,20230807.0,1236752
70,DS_01,20230810.0,1225070
71,DS_01,20230817.0,1406361
72,DS_01,20230818.0,1513186
73,DS_01,20230819.0,1349904
74,DS_01,20230821.0,1522462
75,DS_01,20230822.0,1455031
76,DS_01,20230823.0,1443887
77,DS_01,20230824.0,1408826
78,DS_01,20230829.0,1364103
79,DS_01,20230901.0,1411211
80,DS_01,20230903.0,1445617
81,DS_01,20230905.0,1560914
82,DS_01,20230909.0,1523731
83,DS_01,20230916.0,1503701
84,DS_01,20230918.0,1517502
85,DS_01,20230919.0,1497984
86,DS_01,20230921.0,1557650
87,DS_01,20230922.0,1560962
88,DS_01,20230923.0,1528270
89,DS_01,20230924.0,1539853
90,DS_01,20230928.0,1599709
91,DS_01,20231002.0,1584033
92,DS_01,20231003.0,1569795
93,DS_01,20231005.0,1643542
94,DS_01,20231009.0,1730838
95,DS_01,20231019.0,1630352
96,DS_01,20231021.0,1593758
97,DS_02,20230701.0,1877377
98,DS_02,20230702.0,1853708
99,DS_02,20230703.0,1939663
100,DS_02,20230704.0,1995081
101,DS_02,20230705.0,1935649
102,DS_02,20230706.0,1996712
103,DS_02,20230707.0,2035721
104,DS_02,20230710.0,2054541
105,DS_02,20230711.0,2042835
106,DS_02,20230712.0,2083793
107,DS_02,20230723.0,2235384
108,DS_02,20230724.0,2156829
109,DS_02,20230725.0,2120657
110,DS_02,20230726.0,2134765
111,DS_02,20230727.0,2211927
112,DS_02,20230729.0,2340959
113,DS_02,20230731.0,2299538
114,DS_02,20230801.0,2361535
115,DS_02,20230802.0,2609705
116,DS_02,20230807.0,2350302
117,DS_02,20230810.0,2487700
118,DS_02,20230817.0,2865277
119,DS_02,20230819.0,2630822
120,DS_02,20230821.0,2538860
121,DS_02,20230823.0,2667611
122,DS_02,20230824.0,2693190
123,DS_02,20230828.0,2714623
124,DS_02,20230901.0,2768116
125,DS_02,20230903.0,2963242
126,DS_02,20230904.0,2939187
127,DS_02,20230908.0,3222846
128,DS_02,20230909.0,3019048
129,DS_02,20230915.0,2917556
130,DS_02,20230919.0,3023600
131,DS_02,20230921.0,3042450
132,DS_02,20230922.0,3112612
133,DS_02,20230928.0,3185041
134,DS_02,20231002.0,2820371
135,DS_02,20231004.0,3390505
136,DS_02,20231005.0,3286418
137,DS_02,20231007.0,3477543
138,DS_02,20231008.0,3281093
139,DS_02,20231009.0,3262302
140,DS_02,20231015.0,3305667
141,DS_02,20231019.0,3131846
142,DS_02,20231021.0,3208763
143,DS_02,20231024.0,3438530
144,DS_03,20230701.0,105984
145,DS_03,20230702.0,106457
146,DS_03,20230704.0,125500
147,DS_03,20230705.0,210742
148,DS_03,20230707.0,149050
149,DS_03,20230709.0,182289
150,DS_03,20230710.0,165876
151,DS_03,20230712.0,226603
152,DS_03,20230717.0,251322
153,DS_03,20230719.0,227230
154,DS_03,20230720.0,231170
155,DS_03,20230721.0,235802
156,DS_03,20230722.0,203008
157,DS_03,20230723.0,259496
158,DS_03,20230724.0,242253
159,DS_03,20230725.0,229400
160,DS_03,20230726.0,230834
161,DS_03,20230727.0,259356
162,DS_03,20230728.0,259208
163,DS_03,20230729.0,302753
164,DS_03,20230731.0,289166
165,DS_03,20230801.0,276326
166,DS_03,20230802.0,302580
167,DS_03,20230804.0,314120
168,DS_03,20230805.0,299685
169,DS_03,20230806.0,363227
170,DS_03,20230807.0,303957
171,DS_03,20230810.0,286764
172,DS_03,20230815.0,289686
173,DS_03,20230816.0,379688
174,DS_03,20230820.0,543399
175,DS_03,20230821.0,296284
176,DS_03,20230823.0,406083
177,DS_03,20230824.0,385660
178,DS_03,20230827.0,303378
179,DS_03,20230828.0,397258
180,DS_03,20230829.0,418620
181,DS_03,20230830.0,477008
182,DS_03,20230901.0,420455
183,DS_03,20230904.0,528197
184,DS_03,20230906.0,667388
185,DS_03,20230908.0,606040
186,DS_03,20230909.0,638221
187,DS_03,20230910.0,561010
188,DS_03,20230911.0,651469
189,DS_03,20230915.0,601226
190,DS_03,20230916.0,592643
191,DS_03,20230918.0,572667
192,DS_03,20230919.0,616677
193,DS_03,20230921.0,595547
194,DS_03,20230922.0,615024
195,DS_03,20230923.0,665934
196,DS_03,20230925.0,679545
197,DS_03,20230926.0,685230
198,DS_03,20230927.0,687072
199,DS_03,20230928.0,671741
200,DS_03,20231001.0,764440
201,DS_03,20231002.0,696468
202,DS_03,20231003.0,756462
203,DS_03,20231004.0,689622
204,DS_03,20231006.0,768538
205,DS_03,20231007.0,771672
206,DS_03,20231008.0,675340
207,DS_03,20231009.0,705917
208,DS_03,20231011.0,691899
209,DS_03,20231013.0,738642
210,DS_03,20231017.0,744291
211,DS_03,20231018.0,643023
212,DS_03,20231020.0,671406
213,DS_03,20231021.0,696091
214,DS_03,20231025.0,681413
215,DS_04,20230701.0,351630
216,DS_04,20230702.0,345589
217,DS_04,20230703.0,353857
218,DS_04,20230704.0,358582
219,DS_04,20230705.0,365856
220,DS_04,20230706.0,369308
221,DS_04,20230707.0,360422
222,DS_04,20230708.0,354522
223,DS_04,20230709.0,384492
224,DS_04,20230711.0,375915
225,DS_04,20230717.0,401876
226,DS_04,20230719.0,469877
227,DS_04,20230720.0,413738
228,DS_04,20230721.0,417768
229,DS_04,20230725.0,456010
230,DS_04,20230726.0,442883
231,DS_04,20230727.0,422455
232,DS_04,20230728.0,420519
233,DS_04,20230729.0,451721
234,DS_04,20230731.0,479934
235,DS_04,20230801.0,453790
236,DS_04,20230804.0,473742
237,DS_04,20230805.0,465561
238,DS_04,20230806.0,471795
239,DS_04,20230807.0,463488
240,DS_04,20230811.0,500232
241,DS_04,20230815.0,584118
242,DS_04,20230816.0,519389
243,DS_04,20230822.0,548266
244,DS_04,20230823.0,548066
245,DS_04,20230824.0,549470
246,DS_04,20230829.0,577955
247,DS_04,20230830.0,576918
248,DS_04,20230902.0,645968
249,DS_04,20230905.0,724830
250,DS_04,20230906.0,724739
251,DS_04,20230908.0,700175
252,DS_04,20230909.0,755912
253,DS_04,20230911.0,607810
254,DS_04,20230916.0,712273
255,DS_04,20230919.0,706276
256,DS_04,20230921.0,720928
257,DS_04,20230922.0,756754
258,DS_04,20230923.0,732990
259,DS_04,20230926.0,798583
260,DS_04,20230928.0,790716
261,DS_04,20231001.0,823682
262,DS_04,20231002.0,852379
263,DS_04,20231004.0,862619
264,DS_04,20231007.0,810555
265,DS_04,20231009.0,818897
266,DS_04,20231018.0,824789
267,DS_04,20231021.0,773451
268,DS_04,20231028.0,825439
269,DS_04,20231029.0,894851
270,DS_05,20230701.0,2627220
271,DS_05,20230702.0,2590659
272,DS_05,20230705.0,2617942
273,DS_05,20230706.0,2684324
274,DS_05,20230709.0,2775972
275,DS_05,20230710.0,2755447
276,DS_05,20230711.0,2732525
277,DS_05,20230712.0,2753829
278,DS_05,20230714.0,2762441
279,DS_05,20230720.0,2779387
280,DS_05,20230721.0,2808513
281,DS_05,20230722.0,2882786
282,DS_05,20230723.0,2875231
283,DS_05,20230724.0,2884185
284,DS_05,20230725.0,2820400
285,DS_05,20230726.0,2879914
286,DS_05,20230728.0,2888243
287,DS_05,20230730.0,3263286
288,DS_05,20230731.0,3009199
289,DS_05,20230802.0,3024301
290,DS_05,20230804.0,2997388
291,DS_05,20230806.0,2988744
292,DS_05,20230815.0,3092637
293,DS_05,20230821.0,3412986
294,DS_05,20230823.0,3225084
295,DS_05,20230902.0,3419625
296,DS_05,20230904.0,3432914
297,DS_05,20230906.0,4180601
298,DS_05,20230908.0,3643274
299,DS_05,20230922.0,3611052
300,DS_05,20230925.0,3522132
301,DS_05,20230929.0,3643396
302,DS_05,20231001.0,3571482
303,DS_05,20231004.0,3513254
304,DS_05,20231005.0,3651534
305,DS_05,20231008.0,3685861
306,DS_05,20231015.0,3719481
307,DS_05,20231018.0,3649800
308,DS_05,20231020.0,3679919
309,DS_05,20231021.0,3816886
310,DS_06,20230702.0,215765
311,DS_06,20230705.0,238284
312,DS_06,20230706.0,271828
313,DS_06,20230707.0,314020
314,DS_06,20230709.0,377482
315,DS_06,20230710.0,362695
316,DS_06,20230711.0,308462
317,DS_06,20230712.0,268809
318,DS_06,20230713.0,310923
319,DS_06,20230714.0,316792
320,DS_06,20230720.0,463751
321,DS_06,20230721.0,429352
322,DS_06,20230722.0,434251
323,DS_06,20230723.0,470294
324,DS_06,20230725.0,432231
325,DS_06,20230726.0,488301
326,DS_06,20230727.0,530666
327,DS_06,20230728.0,513604
328,DS_06,20230730.0,691522
329,DS_06,20230731.0,501285
330,DS_06,20230801.0,643525
331,DS_06,20230802.0,619809
332,DS_06,20230804.0,656324
333,DS_06,20230806.0,755512
334,DS_06,20230807.0,638253
335,DS_06,20230810.0,630924
336,DS_06,20230815.0,434083
337,DS_06,20230821.0,917926
338,DS_06,20230825.0,806447
339,DS_06,20230902.0,1043816
340,DS_06,20230903.0,959351
341,DS_06,20230904.0,976270
342,DS_06,20230906.0,1104163
343,DS_06,20230908.0,1033056
344,DS_06,20230909.0,1178329
345,DS_06,20230911.0,901240
346,DS_06,20230921.0,707026
347,DS_06,20230922.0,917980
348,DS_06,20230925.0,1037890
349,DS_06,20231001.0,1108761
350,DS_06,20231004.0,1179951
351,DS_06,20231005.0,1329367
352,DS_06,20231008.0,1198333
353,DS_06,20231009.0,1156773
354,DS_06,20231017.0,1314867
355,DS_06,20231018.0,1171485
356,DS_06,20231019.0,1231159
357,DS_06,20231020.0,1260629
358,DS_06,20231027.0,1143513
359,DS_07,20230701.0,618974
360,DS_07,20230702.0,707635
361,DS_07,20230703.0,688844
362,DS_07,20230704.0,721071
363,DS_07,20230705.0,669764
364,DS_07,20230706.0,675252
365,DS_07,20230709.0,664796
366,DS_07,20230710.0,720630
367,DS_07,20230711.0,732549
368,DS_07,20230712.0,753905
369,DS_07,20230713.0,719140
370,DS_07,20230714.0,723046
371,DS_07,20230721.0,795523
372,DS_07,20230722.0,786395
373,DS_07,20230723.0,804934
374,DS_07,20230724.0,853211
375,DS_07,20230725.0,756572
376,DS_07,20230726.0,807276
377,DS_07,20230728.0,848495
378,DS_07,20230730.0,807592
379,DS_07,20230731.0,866011
380,DS_07,20230801.0,820757
381,DS_07,20230802.0,814301
382,DS_07,20230804.0,861480
383,DS_07,20230806.0,884910
384,DS_07,20230815.0,757184
385,DS_07,20230818.0,932130
386,DS_07,20230821.0,970284
387,DS_07,20230823.0,923033
388,DS_07,20230830.0,962684
389,DS_07,20230901.0,961533
390,DS_07,20230902.0,1046881
391,DS_07,20230904.0,979700
392,DS_07,20230906.0,994441
393,DS_07,20230907.0,1046087
394,DS_07,20230908.0,989059
395,DS_07,20230909.0,1119323
396,DS_07,20230910.0,1066892
397,DS_07,20230911.0,1030855
398,DS_07,20230921.0,938390
399,DS_07,20230922.0,1013512
400,DS_07,20230925.0,1049116
401,DS_07,20230929.0,1038034
402,DS_07,20231001.0,1036777
403,DS_07,20231004.0,1086245
404,DS_07,20231007.0,1119467
405,DS_07,20231008.0,1073349
406,DS_07,20231009.0,1140722
407,DS_07,20231018.0,1082096
408,DS_07,20231020.0,1100978
409,DS_07,20231021.0,1092590
410,DS_08,20230701.0,2065311
411,DS_08,20230702.0,2144580
412,DS_08,20230703.0,2055906
413,DS_08,20230704.0,2094753
414,DS_08,20230705.0,2155143
415,DS_08,20230706.0,2112676
416,DS_08,20230710.0,2215408
417,DS_08,20230711.0,2181543
418,DS_08,20230712.0,2140811
419,DS_08,20230713.0,2200676
420,DS_08,20230714.0,2217475
421,DS_08,20230719.0,2261613
422,DS_08,20230721.0,2309212
423,DS_08,20230723.0,2284863
424,DS_08,20230724.0,2241632
425,DS_08,20230725.0,2281432
426,DS_08,20230727.0,2423868
427,DS_08,20230728.0,2275474
428,DS_08,20230729.0,2270533
429,DS_08,20230730.0,2401155
430,DS_08,20230731.0,2419131
431,DS_08,20230801.0,2320192
432,DS_08,20230804.0,2323536
433,DS_08,20230805.0,2382203
434,DS_08,20230806.0,2497876
435,DS_08,20230812.0,2395604
436,DS_08,20230815.0,2274228
437,DS_08,20230816.0,2484671
438,DS_08,20230821.0,2697235
439,DS_08,20230823.0,2559284
440,DS_08,20230904.0,2752490
441,DS_08,20230905.0,2845162
442,DS_08,20230907.0,2858434
443,DS_08,20230909.0,2715390
444,DS_08,20230910.0,2973218
445,DS_08,20230912.0,2246301
446,DS_08,20230923.0,2800278
447,DS_08,20230924.0,2758272
448,DS_08,20230926.0,2795099
449,DS_08,20230927.0,2778857
450,DS_08,20230928.0,2859761
451,DS_08,20230929.0,2824581
452,DS_08,20231002.0,2839734
453,DS_08,20231004.0,2848237
454,DS_08,20231005.0,2889394
455,DS_08,20231007.0,2942100
456,DS_08,20231008.0,2900335
457,DS_08,20231009.0,2945814
458,DS_08,20231011.0,3008518
459,DS_08,20231018.0,2832417
460,DS_08,20231020.0,2914303
461,DS_08,20231021.0,2988543
462,DS_08,20231027.0,2914274
463,DS_08,20231028.0,3008723
464,DS_08,20231029.0,2873837
465,DS_09,20230701.0,734119
466,DS_09,20230702.0,701943
467,DS_09,20230703.0,760091
468,DS_09,20230704.0,721686
469,DS_09,20230706.0,790993
470,DS_09,20230708.0,787125
471,DS_09,20230709.0,849911
472,DS_09,20230712.0,797070
473,DS_09,20230713.0,835574
474,DS_09,20230714.0,842083
475,DS_09,20230720.0,937084
476,DS_09,20230721.0,908275
477,DS_09,20230722.0,925159
478,DS_09,20230723.0,968138
479,DS_09,20230724.0,988023
480,DS_09,20230728.0,956520
481,DS_09,20230729.0,927279
482,DS_09,20230731.0,1027864
483,DS_09,20230801.0,1017798
484,DS_09,20230802.0,1012119
485,DS_09,20230804.0,1068019
486,DS_09,20230805.0,1147039
487,DS_09,20230806.0,1062432
488,DS_09,20230811.0,1128560
489,DS_09,20230815.0,1052249
490,DS_09,20230816.0,1073036
491,DS_09,20230818.0,1194313
492,DS_09,20230820.0,1470798
493,DS_09,20230821.0,1156105
494,DS_09,20230823.0,1275749
495,DS_09,20230904.0,1425518
496,DS_09,20230906.0,1554515
497,DS_09,20230908.0,1508562
498,DS_09,20230909.0,1658576
499,DS_09,20230910.0,1445283
500,DS_09,20230924.0,1557575
501,DS_09,20230925.0,1543096
502,DS_09,20230928.0,1764806
503,DS_09,20230929.0,1642334
504,DS_09,20231002.0,1713607
505,DS_09,20231005.0,1713303
506,DS_09,20231007.0,1535097
507,DS_09,20231009.0,1688336
508,DS_09,20231015.0,1585836
509,DS_09,20231018.0,1677239
510,DS_09,20231028.0,1892111
511,DS_10,20230702.0,1955088
512,DS_10,20230705.0,1903600
513,DS_10,20230706.0,2004392
514,DS_10,20230707.0,1982564
515,DS_10,20230709.0,2086695
516,DS_10,20230711.0,2078164
517,DS_10,20230713.0,2040694
518,DS_10,20230714.0,2071189
519,DS_10,20230720.0,2191909
520,DS_10,20230722.0,2220970
521,DS_10,20230723.0,2280600
522,DS_10,20230725.0,2211503
523,DS_10,20230727.0,2229073
524,DS_10,20230728.0,2287414
525,DS_10,20230730.0,2621829
526,DS_10,20230731.0,2241485
527,DS_10,20230801.0,2321119
528,DS_10,20230802.0,2358693
529,DS_10,20230804.0,2342854
530,DS_10,20230806.0,2389134
531,DS_10,20230807.0,2308910
532,DS_10,20230810.0,2290292
533,DS_10,20230812.0,2408346
534,DS_10,20230815.0,2434962
535,DS_10,20230818.0,2458739
536,DS_10,20230821.0,2730120
537,DS_10,20230830.0,2651557
538,DS_10,20230901.0,2386823
539,DS_10,20230902.0,2664461
540,DS_10,20230903.0,2594984
541,DS_10,20230904.0,2709806
542,DS_10,20230906.0,2780533
543,DS_10,20230908.0,2817267
544,DS_10,20230909.0,2912886
545,DS_10,20230924.0,2871891
546,DS_10,20230925.0,2958097
547,DS_10,20231004.0,3053711
548,DS_10,20231015.0,3109732
549,DS_10,20231018.0,3092998
550,DS_10,20231020.0,3091895
551,DS_11,20230701.0,884562
552,DS_11,20230702.0,918657
553,DS_11,20230704.0,978171
554,DS_11,20230705.0,935736
555,DS_11,20230709.0,972645
556,DS_11,20230710.0,1141228
557,DS_11,20230711.0,1154112
558,DS_11,20230712.0,1132680
559,DS_11,20230713.0,1041174
560,DS_11,20230714.0,1222742
561,DS_11,20230716.0,1069937
562,DS_11,20230719.0,1210697
563,DS_11,20230720.0,1114646
564,DS_11,20230723.0,1082123
565,DS_11,20230724.0,1139724
566,DS_11,20230725.0,1164140
567,DS_11,20230726.0,1139453
568,DS_11,20230727.0,1214472
569,DS_11,20230728.0,1210218
570,DS_11,20230730.0,1165123
571,DS_11,20230801.0,1386485
572,DS_11,20230805.0,1206918
573,DS_11,20230806.0,1236336
574,DS_11,20230815.0,1067111
575,DS_11,20230818.0,1421541
576,DS_11,20230822.0,1566133
577,DS_11,20230823.0,1499958
578,DS_11,20230825.0,1710552
579,DS_11,20230828.0,1475776
580,DS_11,20230901.0,1488343
581,DS_11,20230908.0,1638867
582,DS_11,20230909.0,1632047
583,DS_11,20230910.0,1222563
584,DS_11,20230915.0,1550086
585,DS_11,20230922.0,1680817
586,DS_11,20230923.0,1640421
587,DS_11,20230924.0,1681671
588,DS_11,20230925.0,1688278
589,DS_11,20230926.0,1741793
590,DS_11,20231001.0,1728723
591,DS_11,20231002.0,1729065
592,DS_11,20231008.0,2025995
593,DS_11,20231011.0,1815199
594,DS_11,20231019.0,1870235
595,DS_11,20231025.0,1769952
596,DS_12,20230701.0,722660
597,DS_12,20230702.0,826474
598,DS_12,20230704.0,811735
599,DS_12,20230705.0,782031
600,DS_12,20230706.0,822957
601,DS_12,20230709.0,806650
602,DS_12,20230710.0,836852
603,DS_12,20230711.0,795702
604,DS_12,20230713.0,818701
605,DS_12,20230717.0,838652
606,DS_12,20230719.0,878314
607,DS_12,20230720.0,895938
608,DS_12,20230721.0,959147
609,DS_12,20230722.0,965627
610,DS_12,20230723.0,954467
611,DS_12,20230725.0,932326
612,DS_12,20230726.0,886774
613,DS_12,20230727.0,980202
614,DS_12,20230730.0,1009681
615,DS_12,20230731.0,1008715
616,DS_12,20230801.0,1015134
617,DS_12,20230802.0,1077911
618,DS_12,20230805.0,1081041
619,DS_12,20230806.0,1097187
620,DS_12,20230810.0,954482
621,DS_12,20230811.0,1065509
622,DS_12,20230815.0,1122591
623,DS_12,20230818.0,992211
624,DS_12,20230820.0,1162827
625,DS_12,20230822.0,1264948
626,DS_12,20230823.0,1204891
627,DS_12,20230824.0,1211092
628,DS_12,20230826.0,2095538
629,DS_12,20230828.0,1234293
630,DS_12,20230829.0,1245439
631,DS_12,20230830.0,1320648
632,DS_12,20230901.0,1149456
633,DS_12,20230902.0,1234606
634,DS_12,20230903.0,1333558
635,DS_12,20230906.0,1638542
636,DS_12,20230907.0,2056976
637,DS_12,20230908.0,1401916
638,DS_12,20230910.0,1440891
639,DS_12,20230911.0,1726435
640,DS_12,20230915.0,1514589
641,DS_12,20230916.0,1466059
642,DS_12,20230921.0,2487451
643,DS_12,20230922.0,1529465
644,DS_12,20230923.0,1625312
645,DS_12,20230924.0,1545912
646,DS_12,20230925.0,1589284
647,DS_12,20230926.0,1565829
648,DS_12,20230927.0,1646902
649,DS_12,20231008.0,1643264
650,DS_12,20231011.0,2113169
651,DS_12,20231014.0,2815857
652,DS_12,20231016.0,2052916
653,DS_12,20231017.0,1996458
654,DS_12,20231021.0,1718929
655,DS_12,20231025.0,1691565
656,DS_12,20231028.0,1774835
657,DS_12,20231029.0,1685822
658,DS_13,20230701.0,1194439
659,DS_13,20230702.0,1298189
660,DS_13,20230703.0,1193533
661,DS_13,20230708.0,1291056
662,DS_13,20230710.0,1345283
663,DS_13,20230711.0,1381368
664,DS_13,20230712.0,1438617
665,DS_13,20230717.0,1418551
666,DS_13,20230719.0,1444683
667,DS_13,20230720.0,1556125
668,DS_13,20230724.0,1508697
669,DS_13,20230725.0,1478732
670,DS_13,20230727.0,1545783
671,DS_13,20230728.0,1569263
672,DS_13,20230729.0,1715085
673,DS_13,20230730.0,1670898
674,DS_13,20230731.0,1755346
675,DS_13,20230801.0,1528858
676,DS_13,20230802.0,1569349
677,DS_13,20230806.0,1615436
678,DS_13,20230809.0,1626466
679,DS_13,20230810.0,1692147
680,DS_13,20230812.0,1887102
681,DS_13,20230820.0,1928355
682,DS_13,20230822.0,1805501
683,DS_13,20230823.0,1944412
684,DS_13,20230828.0,1943596
685,DS_13,20230829.0,1890870
686,DS_13,20230904.0,2096815
687,DS_13,20230908.0,2074632
688,DS_13,20230909.0,2197408
689,DS_13,20230914.0,2006136
690,DS_13,20230915.0,2084531
691,DS_13,20230916.0,2115594
692,DS_13,20230919.0,2250497
693,DS_13,20230922.0,1966555
694,DS_13,20230923.0,2106626
695,DS_13,20230925.0,2168768
696,DS_13,20230928.0,2278885
697,DS_13,20231004.0,2211902
698,DS_13,20231009.0,2383297
699,DS_13,20231013.0,2554489
700,DS_13,20231021.0,2317562
701,DS_13,20231029.0,2462694
702,DS_14,20230701.0,1676648
703,DS_14,20230702.0,1750272
704,DS_14,20230703.0,1681523
705,DS_14,20230704.0,1705757
706,DS_14,20230705.0,1678313
707,DS_14,20230708.0,1716696
708,DS_14,20230710.0,1786027
709,DS_14,20230711.0,1787888
710,DS_14,20230712.0,1741126
711,DS_14,20230714.0,1779409
712,DS_14,20230720.0,1808442
713,DS_14,20230721.0,1846114
714,DS_14,20230726.0,1844303
715,DS_14,20230728.0,1856204
716,DS_14,20230729.0,2089890
717,DS_14,20230730.0,1934457
718,DS_14,20230731.0,1923074
719,DS_14,20230802.0,1936093
720,DS_14,20230805.0,1846728
721,DS_14,20230806.0,1922168
722,DS_14,20230817.0,2101270
723,DS_14,20230819.0,2055044
724,DS_14,20230822.0,2047512
725,DS_14,20230828.0,2171518
726,DS_14,20230901.0,2026373
727,DS_14,20230907.0,2317609
728,DS_14,20230908.0,2290004
729,DS_14,20230909.0,2283198
730,DS_14,20230913.0,2019627
731,DS_14,20230915.0,2360875
732,DS_14,20230919.0,2347961
733,DS_14,20230922.0,2219439
734,DS_14,20230923.0,2216551
735,DS_14,20230926.0,2417352
736,DS_14,20230929.0,2404862
737,DS_14,20231001.0,2472909
738,DS_14,20231005.0,2464881
739,DS_14,20231007.0,2701139
740,DS_14,20231013.0,2705236
741,DS_14,20231018.0,2512831
742,DS_14,20231021.0,2567026
743,DS_14,20231024.0,2531655
744,DS_14,20231029.0,2697848
745,DS_15,20230701.0,2828875
746,DS_15,20230703.0,2832118
747,DS_15,20230704.0,2849681
748,DS_15,20230705.0,2832261
749,DS_15,20230708.0,2804597
750,DS_15,20230709.0,2920958
751,DS_15,20230710.0,2819823
752,DS_15,20230711.0,2861409
753,DS_15,20230712.0,2858805
754,DS_15,20230713.0,2853301
755,DS_15,20230717.0,2956913
756,DS_15,20230720.0,2901358
757,DS_15,20230721.0,2926478
758,DS_15,20230722.0,3024652
759,DS_15,20230723.0,2980633
760,DS_15,20230725.0,2969208
761,DS_15,20230726.0,2957061
762,DS_15,20230728.0,3010962
763,DS_15,20230802.0,3029650
764,DS_15,20230805.0,3046633
765,DS_15,20230811.0,3043475
766,DS_15,20230818.0,3171507
767,DS_15,20230822.0,3083820
768,DS_15,20230823.0,3336811
769,DS_15,20230825.0,3178237
770,DS_15,20230828.0,3214538
771,DS_15,20230829.0,3187537
772,DS_15,20230830.0,3178266
773,DS_15,20230901.0,3206115
774,DS_15,20230903.0,3191997
775,DS_15,20230904.0,3210379
776,DS_15,20230909.0,3278717
777,DS_15,20230910.0,3407565
778,DS_15,20230913.0,3345457
779,DS_15,20230914.0,3357270
780,DS_15,20230915.0,3435909
781,DS_15,20230923.0,3236955
782,DS_15,20230924.0,3373415
783,DS_15,20230925.0,3374219
784,DS_15,20230928.0,3521979
785,DS_15,20230929.0,3378155
786,DS_15,20231001.0,3890409
787,DS_15,20231004.0,3515705
788,DS_15,20231007.0,3782915
789,DS_15,20231008.0,3695367
790,DS_15,20231009.0,3507021
791,DS_15,20231013.0,3442117
792,DS_15,20231018.0,3448463
793,DS_15,20231021.0,3491251
794,DS_15,20231028.0,4269343
795,DS_15,20231029.0,3616791
796,DS_16,20230701.0,1057558
797,DS_16,20230702.0,1071520
798,DS_16,20230703.0,1036819
799,DS_16,20230704.0,1160015
800,DS_16,20230705.0,1104605
801,DS_16,20230706.0,1128051
802,DS_16,20230708.0,1184152
803,DS_16,20230709.0,1209035
804,DS_16,20230710.0,1169811
805,DS_16,20230712.0,1180899
806,DS_16,20230713.0,1206573
807,DS_16,20230714.0,1196563
808,DS_16,20230717.0,1239006
809,DS_16,20230720.0,1297215
810,DS_16,20230721.0,1306575
811,DS_16,20230722.0,1324007
812,DS_16,20230723.0,1311294
813,DS_16,20230724.0,1313886
814,DS_16,20230725.0,1206394
815,DS_16,20230727.0,1236994
816,DS_16,20230729.0,1368792
817,DS_16,20230730.0,1302936
818,DS_16,20230731.0,1301430
819,DS_16,20230802.0,1293372
820,DS_16,20230806.0,1354348
821,DS_16,20230807.0,1336107
822,DS_16,20230811.0,1237263
823,DS_16,20230812.0,1436765
824,DS_16,20230814.0,1354222
825,DS_16,20230817.0,1390933
826,DS_16,20230818.0,1484767
827,DS_16,20230819.0,1341922
828,DS_16,20230822.0,1402767
829,DS_16,20230825.0,1447178
830,DS_16,20230828.0,1533570
831,DS_16,20230829.0,1466228
832,DS_16,20230830.0,1470302
833,DS_16,20230901.0,1557614
834,DS_16,20230903.0,1485042
835,DS_16,20230904.0,1501561
836,DS_16,20230907.0,1618822
837,DS_16,20230908.0,1609950
838,DS_16,20230909.0,1601930
839,DS_16,20230910.0,1615893
840,DS_16,20230913.0,1562300
841,DS_16,20230914.0,1614790
842,DS_16,20230915.0,1647886
843,DS_16,20230916.0,1677297
844,DS_16,20230922.0,1601564
845,DS_16,20230925.0,1675849
846,DS_16,20230928.0,1722998
847,DS_16,20230929.0,1702725
848,DS_16,20231002.0,1738678
849,DS_16,20231004.0,1733624
850,DS_16,20231005.0,1732172
851,DS_16,20231007.0,1783509
852,DS_16,20231009.0,1754869
853,DS_16,20231011.0,1792668
854,DS_16,20231018.0,1711667
855,DS_16,20231027.0,1766492
856,DS_16,20231028.0,1759851
857,DS_16,20231029.0,1800674
858,DS_17,20230701.0,673727
859,DS_17,20230702.0,699178
860,DS_17,20230703.0,713287
861,DS_17,20230704.0,692300
862,DS_17,20230706.0,734817
863,DS_17,20230707.0,694521
864,DS_17,20230709.0,664489
865,DS_17,20230713.0,732666
866,DS_17,20230717.0,745769
867,DS_17,20230720.0,787435
868,DS_17,20230724.0,803239
869,DS_17,20230725.0,844516
870,DS_17,20230726.0,853894
871,DS_17,20230727.0,758943
872,DS_17,20230728.0,844000
873,DS_17,20230805.0,857519
874,DS_17,20230807.0,807525
875,DS_17,20230809.0,798461
876,DS_17,20230810.0,931675
877,DS_17,20230812.0,905390
878,DS_17,20230822.0,1014458
879,DS_17,20230824.0,1057361
880,DS_17,20230825.0,1108622
881,DS_17,20230827.0,1094711
882,DS_17,20230830.0,1158412
883,DS_17,20230901.0,1061655
884,DS_17,20230903.0,1119842
885,DS_17,20230905.0,1227045
886,DS_17,20230906.0,1283178
887,DS_17,20230907.0,1204867
888,DS_17,20230910.0,1403213
889,DS_17,20230913.0,1469435
890,DS_17,20230916.0,1411899
891,DS_17,20230919.0,1351025
892,DS_17,20230928.0,1589873
893,DS_17,20230929.0,1403147
894,DS_17,20231001.0,1620788
895,DS_17,20231002.0,1644302
896,DS_17,20231003.0,1527809
897,DS_17,20231004.0,1579703
898,DS_17,20231005.0,1660573
899,DS_17,20231007.0,1565949
900,DS_17,20231008.0,1641672
901,DS_17,20231021.0,1746610
902,DS_17,20231028.0,1583466
903,DS_18,20230701.0,1511142
904,DS_18,20230702.0,1517490
905,DS_18,20230705.0,1487856
906,DS_18,20230706.0,1528599
907,DS_18,20230710.0,1527320
908,DS_18,20230711.0,1513782
909,DS_18,20230713.0,1548782
910,DS_18,20230714.0,1535092
911,DS_18,20230724.0,1531491
912,DS_18,20230726.0,1515827
913,DS_18,20230727.0,1523404
914,DS_18,20230728.0,1522537
915,DS_18,20230729.0,1560037
916,DS_18,20230805.0,1532055
917,DS_18,20230806.0,1548230
918,DS_18,20230812.0,1565792
919,DS_18,20230819.0,1722481
920,DS_18,20230825.0,1835392
921,DS_18,20230827.0,1888808
922,DS_18,20230829.0,1916957
923,DS_18,20230830.0,2059357
924,DS_18,20230901.0,1986746
925,DS_18,20230903.0,2069092
926,DS_18,20230905.0,2293613
927,DS_18,20230907.0,1998197
928,DS_18,20230913.0,2537304
929,DS_18,20230916.0,2471392
930,DS_18,20230921.0,2544228
931,DS_18,20230930.0,2683200
932,DS_18,20231001.0,2674039
933,DS_18,20231003.0,2619193
934,DS_18,20231006.0,3370758
935,DS_18,20231008.0,2808325
936,DS_18,20231009.0,2722138
937,DS_18,20231013.0,2910967
938,DS_18,20231017.0,3023315
939,DS_18,20231020.0,2689552
940,DS_18,20231021.0,2888250
941,DS_18,20231028.0,2567357
942,DS_18,20231029.0,3037214
943,DS_19,20230702.0,433337
944,DS_19,20230704.0,456657
945,DS_19,20230705.0,476220
946,DS_19,20230706.0,453094
947,DS_19,20230708.0,549760
948,DS_19,20230709.0,471832
949,DS_19,20230711.0,466594
950,DS_19,20230714.0,456352
951,DS_19,20230717.0,453711
952,DS_19,20230720.0,487243
953,DS_19,20230722.0,479831
954,DS_19,20230723.0,466413
955,DS_19,20230724.0,488692
956,DS_19,20230725.0,480231
957,DS_19,20230726.0,473645
958,DS_19,20230728.0,483788
959,DS_19,20230730.0,472430
960,DS_19,20230802.0,497770
961,DS_19,20230805.0,495376
962,DS_19,20230807.0,512490
963,DS_19,20230809.0,529071
964,DS_19,20230810.0,523047
965,DS_19,20230812.0,479906
966,DS_19,20230816.0,542017
967,DS_19,20230818.0,601447
968,DS_19,20230821.0,575521
969,DS_19,20230822.0,590028
970,DS_19,20230827.0,507493
971,DS_19,20230901.0,623118
972,DS_19,20230907.0,872062
973,DS_19,20230910.0,698920
974,DS_19,20230913.0,762450
975,DS_19,20230914.0,784814
976,DS_19,20230921.0,836663
977,DS_19,20230922.0,801132
978,DS_19,20230924.0,830990
979,DS_19,20230927.0,954582
980,DS_19,20231009.0,1116794
981,DS_19,20231011.0,1209788
982,DS_19,20231013.0,1082792
983,DS_19,20231017.0,1066342
984,DS_19,20231029.0,1122811
985,DS_20,20230701.0,342728
986,DS_20,20230705.0,340669
987,DS_20,20230707.0,335074
988,DS_20,20230708.0,340631
989,DS_20,20230709.0,327577
990,DS_20,20230710.0,336862
991,DS_20,20230711.0,330872
992,DS_20,20230713.0,329026
993,DS_20,20230717.0,329592
994,DS_20,20230719.0,331090
995,DS_20,20230720.0,339363
996,DS_20,20230721.0,346322
997,DS_20,20230722.0,337852
998,DS_20,20230724.0,341745
999,DS_20,20230725.0,348443
1000,DS_20,20230726.0,344825
1001,DS_20,20230727.0,351697
1002,DS_20,20230729.0,327991
1003,DS_20,20230730.0,347047
1004,DS_20,20230802.0,352034
1005,DS_20,20230805.0,344765
1006,DS_20,20230806.0,351871
1007,DS_20,20230808.0,343834
1008,DS_20,20230810.0,364664
1009,DS_20,20230811.0,355061
1010,DS_20,20230812.0,334868
1011,DS_20,20230816.0,364967
1012,DS_20,20230817.0,374427
1013,DS_20,20230819.0,371365
1014,DS_20,20230825.0,378634
1015,DS_20,20230826.0,335071
1016,DS_20,20230830.0,423519
1017,DS_20,20230904.0,413139
1018,DS_20,20230906.0,388984
1019,DS_20,20230908.0,380821
1020,DS_20,20230909.0,437883
1021,DS_20,20230913.0,473952
1022,DS_20,20230914.0,499833
1023,DS_20,20230915.0,475069
1024,DS_20,20230919.0,503863
1025,DS_20,20230926.0,385139
1026,DS_20,20231016.0,753983
1027,DS_20,20231017.0,497457
1028,DS_20,20231025.0,885753
1029,DS_21,20230701.0,1335910
1030,DS_21,20230702.0,0
1031,DS_21,20230708.0,0
1032,DS_21,20230710.0,0
1033,DS_21,20230711.0,1326196
1034,DS_21,20230712.0,0
1035,DS_21,20230713.0,0
1036,DS_21,20230714.0,0
1037,DS_21,20230717.0,1330290
1038,DS_21,20230720.0,1329554
1039,DS_21,20230721.0,0
1040,DS_21,20230723.0,0
1041,DS_21,20230724.0,0
1042,DS_21,20230725.0,0
1043,DS_21,20230726.0,0
1044,DS_21,20230728.0,0
1045,DS_21,20230729.0,0
1046,DS_21,20230805.0,1371332
1047,DS_21,20230812.0,0
1048,DS_21,20230814.0,0
1049,DS_21,20230816.0,0
1050,DS_21,20230817.0,0
1051,DS_21,20230819.0,0
1052,DS_21,20230820.0,0
1053,DS_21,20230824.0,0
1054,DS_21,20230825.0,0
1055,DS_21,20230826.0,1322167
1056,DS_21,20230827.0,0
1057,DS_21,20230901.0,0
1058,DS_21,20230903.0,0
1059,DS_21,20230904.0,1514699
1060,DS_21,20230906.0,0
1061,DS_21,20230908.0,0
1062,DS_21,20230909.0,1529646
1063,DS_21,20230910.0,0
1064,DS_21,20230912.0,1557814
1065,DS_21,20230913.0,0
1066,DS_21,20230914.0,1571266
1067,DS_21,20230915.0,0
1068,DS_21,20230925.0,0
1069,DS_21,20230926.0,0
1070,DS_21,20230927.0,0
1071,DS_21,20231008.0,0
1072,DS_21,20231013.0,0
1073,DS_21,20231028.0,0
1074,DS_22,20230709.0,0
1075,DS_22,20230710.0,1188514
1076,DS_22,20230712.0,1186445
1077,DS_22,20230713.0,1189491
1078,DS_22,20230717.0,0
1079,DS_22,20230720.0,0
1080,DS_22,20230721.0,1221644
1081,DS_22,20230723.0,1185226
1082,DS_22,20230725.0,1201725
1083,DS_22,20230726.0,1199223
1084,DS_22,20230728.0,1190750
1085,DS_22,20230729.0,1180806
1086,DS_22,20230805.0,0
1087,DS_22,20230812.0,1262945
1088,DS_22,20230814.0,1173796
1089,DS_22,20230816.0,0
1090,DS_22,20230817.0,0
1091,DS_22,20230819.0,0
1092,DS_22,20230820.0,1236165
1093,DS_22,20230824.0,1195727
1094,DS_22,20230825.0,1214229
1095,DS_22,20230827.0,1268064
1096,DS_22,20230829.0,1225181
1097,DS_22,20230903.0,1298900
1098,DS_22,20230904.0,0
1099,DS_22,20230906.0,1358890
1100,DS_22,20230908.0,1354823
1101,DS_22,20230909.0,0
1102,DS_22,20230912.0,0
1103,DS_22,20230914.0,0
1104,DS_22,20230915.0,1494414
1105,DS_22,20230925.0,1603235
1106,DS_22,20230926.0,1624731
1107,DS_22,20230927.0,1678476
1108,DS_22,20230929.0,1313091
1109,DS_22,20231008.0,1898543
1110,DS_22,20231013.0,2051636
1111,DS_22,20231017.0,0
1112,DS_22,20231025.0,0
1113,DS_22,20231027.0,0
1114,DS_22,20231028.0,1994506
1115,DS_23,20230708.0,3385413
1116,DS_23,20230710.0,3289571
1117,DS_23,20230711.0,3267862
1118,DS_23,20230713.0,3254810
1119,DS_23,20230717.0,3278494
1120,DS_23,20230720.0,0
1121,DS_23,20230721.0,3274624
1122,DS_23,20230723.0,3281202
1123,DS_23,20230725.0,3284888
1124,DS_23,20230726.0,3275540
1125,DS_23,20230728.0,3275805
1126,DS_23,20230729.0,3287025
1127,DS_23,20230805.0,3293704
1128,DS_23,20230811.0,3272171
1129,DS_23,20230812.0,3272366
1130,DS_23,20230817.0,3325238
1131,DS_23,20230819.0,0
1132,DS_23,20230820.0,3245491
1133,DS_23,20230824.0,3315809
1134,DS_23,20230825.0,3336077
1135,DS_23,20230827.0,3328479
1136,DS_23,20230829.0,3310811
1137,DS_23,20230902.0,3941731
1138,DS_23,20230903.0,3342403
1139,DS_23,20230904.0,3349685
1140,DS_23,20230906.0,3185042
1141,DS_23,20230909.0,0
1142,DS_23,20230913.0,3645691
1143,DS_23,20230914.0,0
1144,DS_23,20230919.0,3434711
1145,DS_23,20230925.0,4076453
1146,DS_23,20230926.0,3721495
1147,DS_23,20230927.0,4197880
1148,DS_23,20231008.0,4742544
1149,DS_23,20231025.0,4776182
1150,DS_23,20231027.0,5118250
1151,DS_23,20231028.0,4888179
1152,DS_24,20230706.0,418701
1153,DS_24,20230711.0,495657
1154,DS_24,20230713.0,475758
1155,DS_24,20230717.0,532432
1156,DS_24,20230720.0,534642
1157,DS_24,20230721.0,532044
1158,DS_24,20230723.0,529396
1159,DS_24,20230724.0,522253
1160,DS_24,20230725.0,544132
1161,DS_24,20230727.0,541764
1162,DS_24,20230728.0,540742
1163,DS_24,20230729.0,515343
1164,DS_24,20230730.0,553332
1165,DS_24,20230731.0,526042
1166,DS_24,20230808.0,526432
1167,DS_24,20230810.0,501633
1168,DS_24,20230812.0,649034
1169,DS_24,20230814.0,551108
1170,DS_24,20230816.0,573111
1171,DS_24,20230817.0,622961
1172,DS_24,20230818.0,627181
1173,DS_24,20230819.0,646821
1174,DS_24,20230825.0,604773
1175,DS_24,20230830.0,595331
1176,DS_24,20230903.0,749016
1177,DS_24,20230904.0,800894
1178,DS_24,20230908.0,850723
1179,DS_24,20230909.0,872870
1180,DS_24,20230924.0,1232467
1181,DS_24,20230926.0,1168153
1182,DS_24,20230930.0,1025496
1183,DS_24,20231001.0,1548525
1184,DS_24,20231002.0,1716383
1185,DS_24,20231008.0,1561306
1186,DS_24,20231013.0,1459841
1187,DS_24,20231021.0,1646736
1188,DS_24,20231027.0,1648217
1189,DS_25,20230701.0,635542
1190,DS_25,20230704.0,638396
1191,DS_25,20230706.0,650753
1192,DS_25,20230710.0,638036
1193,DS_25,20230711.0,641820
1194,DS_25,20230713.0,644946
1195,DS_25,20230715.0,639727
1196,DS_25,20230717.0,634834
1197,DS_25,20230720.0,651398
1198,DS_25,20230723.0,643336
1199,DS_25,20230724.0,644890
1200,DS_25,20230727.0,640131
1201,DS_25,20230728.0,649581
1202,DS_25,20230729.0,640579
1203,DS_25,20230730.0,640123
1204,DS_25,20230731.0,637879
1205,DS_25,20230801.0,654197
1206,DS_25,20230802.0,648509
1207,DS_25,20230803.0,651359
1208,DS_25,20230804.0,643520
1209,DS_25,20230805.0,653009
1210,DS_25,20230808.0,634428
1211,DS_25,20230810.0,642119
1212,DS_25,20230812.0,635479
1213,DS_25,20230818.0,655265
1214,DS_25,20230825.0,670251
1215,DS_25,20230828.0,660416
1216,DS_25,20230901.0,681340
1217,DS_25,20230902.0,692427
1218,DS_25,20230904.0,718439
1219,DS_25,20230909.0,736510
1220,DS_25,20230910.0,750921
1221,DS_25,20230914.0,782639
1222,DS_25,20230919.0,851655
1223,DS_25,20230925.0,926288
1224,DS_25,20230927.0,1086918
1225,DS_25,20230930.0,1013680
1226,DS_25,20231001.0,1103501
1227,DS_25,20231002.0,1248358
1228,DS_25,20231005.0,1131093
1229,DS_25,20231009.0,1094947
1230,DS_25,20231011.0,1237569
1231,DS_25,20231021.0,1240469
1232,DS_25,20231025.0,1247170
1233,DS_25,20231028.0,1242723
1234,DS_26,20230710.0,1489949
1235,DS_26,20230717.0,1513038
1236,DS_26,20230723.0,1551772
1237,DS_26,20230724.0,1530144
1238,DS_26,20230725.0,1545303
1239,DS_26,20230728.0,1500644
1240,DS_26,20230729.0,1529351
1241,DS_26,20230801.0,1544845
1242,DS_26,20230802.0,1541757
1243,DS_26,20230804.0,1557423
1244,DS_26,20230805.0,1595128
1245,DS_26,20230812.0,1538198
1246,DS_26,20230817.0,1569876
1247,DS_26,20230818.0,1617351
1248,DS_26,20230819.0,1546077
1249,DS_26,20230825.0,1548950
1250,DS_26,20230827.0,1603961
1251,DS_26,20230901.0,1593403
1252,DS_26,20230902.0,1550413
1253,DS_26,20230903.0,1548734
1254,DS_26,20230904.0,1560999
1255,DS_26,20230908.0,1605973
1256,DS_26,20230909.0,1605070
1257,DS_26,20230910.0,1678250
1258,DS_26,20230914.0,1638870
1259,DS_26,20230919.0,1712878
1260,DS_26,20230925.0,1732206
1261,DS_26,20230926.0,1801814
1262,DS_26,20231003.0,2671104
1263,DS_26,20231005.0,2392080
1264,DS_26,20231006.0,2548753
1265,DS_26,20231009.0,2411429
1266,DS_26,20231011.0,2349219
1267,DS_26,20231013.0,2385497
1268,DS_26,20231016.0,2264521
1269,DS_26,20231020.0,2478587
1270,DS_26,20231021.0,2561322
1271,DS_26,20231025.0,2402313
1272,DS_26,20231028.0,2529694
1273,DS_27,20230704.0,73288
1274,DS_27,20230711.0,91057
1275,DS_27,20230712.0,117685
1276,DS_27,20230713.0,139419
1277,DS_27,20230716.0,108391
1278,DS_27,20230719.0,131497
1279,DS_27,20230720.0,86589
1280,DS_27,20230721.0,86187
1281,DS_27,20230723.0,94221
1282,DS_27,20230724.0,85981
1283,DS_27,20230725.0,89918
1284,DS_27,20230726.0,89251
1285,DS_27,20230728.0,82201
1286,DS_27,20230729.0,91084
1287,DS_27,20230801.0,86688
1288,DS_27,20230804.0,84539
1289,DS_27,20230805.0,83195
1290,DS_27,20230808.0,88061
1291,DS_27,20230812.0,85181
1292,DS_27,20230813.0,111923
1293,DS_27,20230814.0,83661
1294,DS_27,20230816.0,101784
1295,DS_27,20230817.0,80007
1296,DS_27,20230818.0,95239
1297,DS_27,20230819.0,92466
1298,DS_27,20230820.0,85702
1299,DS_27,20230822.0,86089
1300,DS_27,20230825.0,88734
1301,DS_27,20230827.0,98857
1302,DS_27,20230830.0,83177
1303,DS_27,20230831.0,194005
1304,DS_27,20230902.0,99566
1305,DS_27,20230903.0,88834
1306,DS_27,20230904.0,87730
1307,DS_27,20230905.0,90903
1308,DS_27,20230909.0,83427
1309,DS_27,20230910.0,147292
1310,DS_27,20230913.0,220252
1311,DS_27,20230915.0,168159
1312,DS_27,20230919.0,187693
1313,DS_27,20230926.0,208309
1314,DS_27,20230927.0,204245
1315,DS_27,20230929.0,257307
1316,DS_27,20230930.0,195780
1317,DS_27,20231005.0,314371
1318,DS_27,20231006.0,341508
1319,DS_27,20231008.0,338807
1320,DS_27,20231010.0,383051
1321,DS_27,20231011.0,381344
1322,DS_27,20231017.0,367561
1323,DS_27,20231021.0,343717
1324,DS_27,20231027.0,419854
1325,DS_27,20231028.0,420075
1326,DS_28,20230702.0,1650666
1327,DS_28,20230711.0,1645683
1328,DS_28,20230716.0,1769618
1329,DS_28,20230719.0,1649684
1330,DS_28,20230720.0,1669726
1331,DS_28,20230721.0,1680197
1332,DS_28,20230722.0,1681728
1333,DS_28,20230723.0,1676478
1334,DS_28,20230724.0,1692097
1335,DS_28,20230725.0,1668707
1336,DS_28,20230726.0,1663912
1337,DS_28,20230729.0,1673214
1338,DS_28,20230801.0,1653892
1339,DS_28,20230804.0,1680808
1340,DS_28,20230805.0,1667719
1341,DS_28,20230808.0,1677873
1342,DS_28,20230811.0,1654072
1343,DS_28,20230812.0,1658027
1344,DS_28,20230814.0,1642662
1345,DS_28,20230817.0,1684986
1346,DS_28,20230820.0,1681764
1347,DS_28,20230822.0,1655575
1348,DS_28,20230825.0,1714529
1349,DS_28,20230827.0,1697774
1350,DS_28,20230830.0,1798895
1351,DS_28,20230902.0,1835791
1352,DS_28,20230903.0,1749393
1353,DS_28,20230904.0,1818102
1354,DS_28,20230905.0,1749333
1355,DS_28,20230909.0,1868751
1356,DS_28,20230910.0,1946482
1357,DS_28,20230913.0,1863779
1358,DS_28,20230915.0,1951881
1359,DS_28,20230923.0,2118723
1360,DS_28,20230924.0,2137104
1361,DS_28,20230926.0,1979451
1362,DS_28,20230927.0,2196285
1363,DS_28,20231007.0,2358959
1364,DS_28,20231008.0,2500206
1365,DS_28,20231011.0,2713351
1366,DS_28,20231017.0,2703151
1367,DS_28,20231021.0,3001774
1368,DS_28,20231027.0,3190845
1369,DS_28,20231028.0,2692434
1370,DS_29,20230702.0,1610043
1371,DS_29,20230722.0,1635605
1372,DS_29,20230723.0,1583657
1373,DS_29,20230724.0,1621931
1374,DS_29,20230725.0,1625019
1375,DS_29,20230727.0,1653316
1376,DS_29,20230802.0,1461418
1377,DS_29,20230804.0,1633728
1378,DS_29,20230806.0,1625885
1379,DS_29,20230814.0,1590855
1380,DS_29,20230820.0,1650642
1381,DS_29,20230822.0,1600144
1382,DS_29,20230824.0,1660214
1383,DS_29,20230825.0,1667733
1384,DS_29,20230827.0,1581339
1385,DS_29,20230828.0,1655509
1386,DS_29,20230831.0,1732763
1387,DS_29,20230901.0,1707875
1388,DS_29,20230902.0,1687381
1389,DS_29,20230910.0,1676038
1390,DS_29,20230915.0,1687762
1391,DS_29,20230924.0,1767047
1392,DS_29,20230927.0,1870219
1393,DS_29,20231004.0,2837687
1394,DS_29,20231005.0,2337129
1395,DS_29,20231008.0,2522600
1396,DS_29,20231009.0,2829537
1397,DS_29,20231025.0,2635767
1398,DS_29,20231028.0,2866435
1399,DS_30,20230705.0,163024
1400,DS_30,20230717.0,265231
1401,DS_30,20230722.0,179240
1402,DS_30,20230723.0,182352
1403,DS_30,20230725.0,181303
1404,DS_30,20230727.0,183969
1405,DS_30,20230801.0,189157
1406,DS_30,20230802.0,209935
1407,DS_30,20230804.0,182399
1408,DS_30,20230806.0,166472
1409,DS_30,20230807.0,184194
1410,DS_30,20230808.0,200447
1411,DS_30,20230814.0,204913
1412,DS_30,20230816.0,176434
1413,DS_30,20230820.0,195705
1414,DS_30,20230822.0,197579
1415,DS_30,20230824.0,196216
1416,DS_30,20230825.0,196061
1417,DS_30,20230827.0,193118
1418,DS_30,20230828.0,202451
1419,DS_30,20230829.0,199206
1420,DS_30,20230831.0,205269
1421,DS_30,20230901.0,202817
1422,DS_30,20230903.0,211788
1423,DS_30,20230904.0,201396
1424,DS_30,20230906.0,220205
1425,DS_30,20230908.0,185534
1426,DS_30,20230909.0,210206
1427,DS_30,20230912.0,198419
1428,DS_30,20230914.0,201655
1429,DS_30,20230915.0,195625
1430,DS_30,20230919.0,232917
1431,DS_30,20230924.0,224488
1432,DS_30,20230927.0,255066
1433,DS_30,20231004.0,400012
1434,DS_30,20231005.0,339974
1435,DS_30,20231006.0,420274
1436,DS_30,20231007.0,408462
1437,DS_30,20231008.0,363804
1438,DS_30,20231009.0,419796
1439,DS_30,20231021.0,442595
1440,DS_30,20231025.0,441622
1441,DS_30,20231027.0,505209
1442,DS_31,20230704.0,50077
1443,DS_31,20230705.0,44810
1444,DS_31,20230706.0,47702
1445,DS_31,20230710.0,49223
1446,DS_31,20230712.0,51326
1447,DS_31,20230713.0,55402
1448,DS_31,20230715.0,48612
1449,DS_31,20230717.0,51887
1450,DS_31,20230719.0,66784
1451,DS_31,20230721.0,54853
1452,DS_31,20230722.0,49710
1453,DS_31,20230723.0,50730
1454,DS_31,20230725.0,55822
1455,DS_31,20230727.0,51847
1456,DS_31,20230728.0,53796
1457,DS_31,20230729.0,62160
1458,DS_31,20230731.0,51865
1459,DS_31,20230801.0,50117
1460,DS_31,20230803.0,51940
1461,DS_31,20230806.0,53359
1462,DS_31,20230814.0,52576
1463,DS_31,20230816.0,50805
1464,DS_31,20230817.0,48865
1465,DS_31,20230820.0,51496
1466,DS_31,20230824.0,51470
1467,DS_31,20230825.0,57294
1468,DS_31,20230829.0,54265
1469,DS_31,20230830.0,56152
1470,DS_31,20230901.0,56119
1471,DS_31,20230903.0,52184
1472,DS_31,20230904.0,49002
1473,DS_31,20230906.0,54372
1474,DS_31,20230907.0,61864
1475,DS_31,20230908.0,55628
1476,DS_31,20230909.0,58253
1477,DS_31,20230912.0,53066
1478,DS_31,20230918.0,136565
1479,DS_31,20230924.0,159489
1480,DS_31,20230927.0,186658
1481,DS_31,20231004.0,293783
1482,DS_31,20231006.0,252604
1483,DS_31,20231007.0,278560
1484,DS_31,20231010.0,272307
1485,DS_31,20231017.0,364110
1486,DS_31,20231020.0,370295
1487,DS_31,20231021.0,347158
1488,DS_31,20231027.0,397478
1489,DS_32,20230710.0,1260490
1490,DS_32,20230722.0,1315471
1491,DS_32,20230723.0,1310474
1492,DS_32,20230725.0,1315354
1493,DS_32,20230729.0,1303363
1494,DS_32,20230731.0,1296891
1495,DS_32,20230801.0,1293789
1496,DS_32,20230814.0,1328644
1497,DS_32,20230816.0,1282336
1498,DS_32,20230817.0,1308778
1499,DS_32,20230820.0,1322276
1500,DS_32,20230824.0,1342641
1501,DS_32,20230825.0,1438732
1502,DS_32,20230828.0,1543284
1503,DS_32,20230829.0,1494790
1504,DS_32,20230830.0,1457909
1505,DS_32,20230831.0,1505177
1506,DS_32,20230903.0,1459655
1507,DS_32,20230904.0,1543543
1508,DS_32,20230906.0,1417304
1509,DS_32,20230907.0,1566926
1510,DS_32,20230909.0,1594225
1511,DS_32,20230910.0,1598905
1512,DS_32,20230912.0,1644936
1513,DS_32,20230914.0,1654377
1514,DS_32,20230924.0,1726157
1515,DS_32,20231005.0,2536655
1516,DS_32,20231006.0,2388274
1517,DS_32,20231007.0,2615117
1518,DS_32,20231010.0,2688751
1519,DS_32,20231028.0,2899546
1520,DS_33,20230714.0,356625
1521,DS_33,20230722.0,366085
1522,DS_33,20230723.0,367179
1523,DS_33,20230725.0,347736
1524,DS_33,20230801.0,362268
1525,DS_33,20230814.0,347750
1526,DS_33,20230817.0,359908
1527,DS_33,20230822.0,380757
1528,DS_33,20230825.0,364916
1529,DS_33,20230829.0,370259
1530,DS_33,20230830.0,375043
1531,DS_33,20230831.0,397193
1532,DS_33,20230905.0,411397
1533,DS_33,20230908.0,432393
1534,DS_33,20230914.0,434225
1535,DS_33,20230919.0,384808
1536,DS_33,20230924.0,617790
1537,DS_33,20230925.0,755309
1538,DS_33,20230926.0,803378
1539,DS_33,20230929.0,847792
1540,DS_33,20231001.0,934812
1541,DS_33,20231003.0,893621
1542,DS_33,20231005.0,970561
1543,DS_33,20231006.0,920959
1544,DS_33,20231008.0,928415
1545,DS_33,20231009.0,858624
1546,DS_33,20231010.0,1169694
1547,DS_33,20231011.0,1149567
1548,DS_33,20231020.0,1600244
1549,DS_33,20231021.0,1240442
1550,DS_33,20231028.0,1350329
1551,DS_34,20230704.0,207262
1552,DS_34,20230705.0,194258
1553,DS_34,20230712.0,292266
1554,DS_34,20230714.0,173465
1555,DS_34,20230716.0,244339
1556,DS_34,20230720.0,247306
1557,DS_34,20230722.0,237533
1558,DS_34,20230723.0,242875
1559,DS_34,20230724.0,367004
1560,DS_34,20230725.0,254973
1561,DS_34,20230729.0,262038
1562,DS_34,20230731.0,311733
1563,DS_34,20230801.0,292206
1564,DS_34,20230808.0,254747
1565,DS_34,20230815.0,310612
1566,DS_34,20230819.0,228530
1567,DS_34,20230821.0,227697
1568,DS_34,20230822.0,364299
1569,DS_34,20230826.0,298424
1570,DS_34,20230828.0,419504
1571,DS_34,20230829.0,462567
1572,DS_34,20230831.0,420736
1573,DS_34,20230905.0,501486
1574,DS_34,20230908.0,570156
1575,DS_34,20230912.0,612791
1576,DS_34,20230913.0,616476
1577,DS_34,20230914.0,558977
1578,DS_34,20230918.0,592232
1579,DS_34,20230919.0,629999
1580,DS_34,20230924.0,621641
1581,DS_34,20230925.0,705664
1582,DS_34,20230926.0,715484
1583,DS_34,20230927.0,896092
1584,DS_34,20231001.0,962027
1585,DS_34,20231002.0,886262
1586,DS_34,20231005.0,790484
1587,DS_34,20231008.0,761956
1588,DS_34,20231009.0,632124
1589,DS_34,20231011.0,945286
1590,DS_34,20231020.0,944935
1591,DS_34,20231021.0,982075
1592,DS_34,20231025.0,1023407
1593,DS_34,20231028.0,1044390
